barcode,age_category,round,treatment,hours,R_mean,R_sd,R_median,G_mean,G_sd,G_median,B_mean,B_sd,B_median
UCSB-IZC00030039,collections,1,dry,0,18.519,25.907,5,88.659,45.604,90,73.277,41.261,71
UCSB-IZC00030369,collections,1,dry,0,45.956,33.851,45,74.211,44.386,73,44.772,33.057,44
UCSB-IZC00036314,collections,1,humid,0,14.022,17.573,6,45.402,31.165,38,45.513,32.544,39
UCSB-IZC00036602,collections,1,dry,0,43.331,32.874,40,67.668,40.199,67,32.185,23.964,31
UCSB-IZC00037139,collections,1,humid,0,54.094,31.175,55,75.302,32.231,77,38.777,20.075,40
UCSB-IZC00038809,collections,1,humid,0,58.502,36.289,66,88.965,38.602,99,43.248,21.333,46
UCSB-IZC00041536,collections,1,humid,0,44.12,39.313,40,101.817,47.443,104,62.048,34.664,61
UCSB-IZC00041550,collections,1,humid,0,25.609,27.384,16,108.272,36.97,112,67.674,28.325,68
UCSB-IZC00042037,collections,1,dry,0,38.57,33.225,33,69.965,40.613,70,41.054,29.472,41
UCSB-IZC00042297,collections,1,dry,0,36.935,28.645,35,86.448,43.97,85,44.884,24.902,48
UCSB-IZC00043430,collections,1,dry,0,15.364,23.077,4,65.841,41.28,63,47.575,31.537,45
UCSB-IZC00047045,collections,1,humid,0,37.926,32.321,35,88.513,41.486,92,47.37,25.662,49
UCSB-IZC00030039,collections,1,dry,7,42.744,29.183,37,98.279,41.402,92,92.254,34.181,89
UCSB-IZC00030369,collections,1,dry,7,54.481,30.055,57,90.289,38.952,90,57.595,30.401,56
UCSB-IZC00036314,collections,1,humid,7,35.507,29.164,31,68.379,35.765,69,60.738,38.56,57
UCSB-IZC00036602,collections,1,dry,7,64.235,29.971,68,99.582,39.662,102,52.779,22.755,54
UCSB-IZC00037139,collections,1,humid,7,75.081,33.96,76,97.012,32.598,101,51.618,21.065,54
UCSB-IZC00038809,collections,1,humid,7,72.243,39.174,79,94.265,42.04,103,45.366,22.3,48
UCSB-IZC00041536,collections,1,humid,7,53.545,40.62,55,118.41,42.84,114,69.257,31.684,64
UCSB-IZC00041550,collections,1,humid,7,52.211,35.09,53,112.073,43.707,113,57.523,31.281,57
UCSB-IZC00042037,collections,1,dry,7,50.475,31.423,51,79.283,31.58,84,46.965,22.985,51
UCSB-IZC00042297,collections,1,dry,7,45.803,37.215,43,91.287,47.845,92,57.052,34.423,60
UCSB-IZC00043430,collections,1,dry,7,17.178,24.238,5,64.053,39.648,62,53.164,36.317,50
UCSB-IZC00047045,collections,1,humid,7,67.954,35.206,69,88.353,38.088,92,34.575,16.972,38
UCSB-IZC00030039,collections,1,dry,24,12.164,21.31,2,73.217,43.433,76,66.394,38.811,69
UCSB-IZC00030369,collections,1,dry,24,32.071,29.331,27,65.542,35.577,68,39.115,26.554,40
UCSB-IZC00036314,collections,1,humid,24,43.028,34.298,39,69.576,44.489,64,47.776,35.833,44
UCSB-IZC00036602,collections,1,dry,24,38.739,33.654,34,70.757,42.006,71,38.757,28.871,39
UCSB-IZC00037139,collections,1,humid,24,66.571,32.505,68,71.925,30.513,74,27.228,17.274,28
UCSB-IZC00038809,collections,1,humid,24,67.971,44.371,74,73.873,40.717,78,27.111,19.776,28
UCSB-IZC00041536,collections,1,humid,24,64.568,40.153,68,89.665,45.381,89,38.542,29.118,36
UCSB-IZC00041550,collections,1,humid,24,61.424,37.442,63,97.16,38.087,102,32.739,19.728,34
UCSB-IZC00042037,collections,1,dry,24,26.03,28.734,13,72.74,38.4,69,44.437,28.399,42
UCSB-IZC00042297,collections,1,dry,24,27.886,31.421,15,76.189,45.933,74,49.602,34.452,48
UCSB-IZC00043430,collections,1,dry,24,13.667,23.28,1,78.343,42.502,81,78.217,44.032,78
UCSB-IZC00047045,collections,1,humid,24,78.84,48.679,80,79.194,43.207,82,26.783,22.317,25
UCSB-IZC00030039,collections,1,dry,31,15.132,22.691,2,91.374,44.493,98,83.379,42.014,87
UCSB-IZC00030369,collections,1,dry,31,44.04,31.151,42,76.863,38.584,83,52.969,28.469,57
UCSB-IZC00036314,collections,1,humid,31,45.714,30.781,41,64.662,39.291,61,44.619,27.713,43
UCSB-IZC00036602,collections,1,dry,31,53.203,32.789,54,93.506,42.624,98,57.694,27.825,60
UCSB-IZC00037139,collections,1,humid,31,98.968,25.752,98,109.273,23.731,113,51.602,11.637,52
UCSB-IZC00038809,collections,1,humid,31,93.678,37.566,103,107.307,35.048,114,47.962,14.953,49
UCSB-IZC00041536,collections,1,humid,31,81.577,34.69,87,107.623,39.666,108,50.974,20.606,50
UCSB-IZC00041550,collections,1,humid,31,89.883,36.682,93,135.97,34.822,139,56.046,20.991,54
UCSB-IZC00042037,collections,1,dry,31,43.731,34.853,44,100.77,39.832,105,69.496,30.273,69
UCSB-IZC00042297,collections,1,dry,31,38.122,30.507,37,94.675,42.454,94,64.355,28.934,66
UCSB-IZC00043430,collections,1,dry,31,14.164,21.205,2,80.217,43.983,83,76.121,43.525,75
UCSB-IZC00047045,collections,1,humid,31,84.999,38.931,90,87.065,36.519,94,40.46,17.617,
UCSB-IZC00030039,collections,1,dry,48,9.296,18.443,1,51.496,42.562,44,44.952,37.116,38
UCSB-IZC00030369,collections,1,dry,48,34.634,34.15,27,80.153,42.828,81,55.093,36.981,55
UCSB-IZC00036314,collections,1,humid,48,39.034,36.629,31,55.362,43.773,49,30.982,28.559,27
UCSB-IZC00036602,collections,1,dry,48,45.702,31.722,48,84.187,42.405,89,49.131,28.664,52
UCSB-IZC00037139,collections,1,humid,48,77.079,40.03,80,77.164,36.566,81,33.569,20.826,36
UCSB-IZC00038809,collections,1,humid,48,77.594,47.488,78,103.346,50.906,102,38.828,27.192,37
UCSB-IZC00041536,collections,1,humid,48,71.682,45.097,78,75.657,40.88,80,30.714,20.432,33
UCSB-IZC00041550,collections,1,humid,48,84.595,39.921,89,111.162,42.605,115,40.167,22.892,39
UCSB-IZC00042037,collections,1,dry,48,25.409,29.795,10,63.563,42.318,63,42.04,32.91,41
UCSB-IZC00042297,collections,1,dry,48,30.832,32.002,21,86.761,40.791,93,59.268,32.054,65
UCSB-IZC00043430,collections,1,dry,48,8.344,17.791,1,53.094,40.194,51,51.197,40.128,46
UCSB-IZC00047045,collections,1,humid,48,101.328,44.063,106,82.338,37.208,88,35.02,20.31,36
UCSB-IZC00030039,collections,1,dry,55,10.063,17.435,1,53.112,44.93,44,47.173,37.708,39
UCSB-IZC00030369,collections,1,dry,55,30.982,29.273,24,69.708,45.416,65,50.079,39.464,46
UCSB-IZC00036314,collections,1,humid,55,33.703,29.362,26,53.456,38.716,44,32.337,28.175,25
UCSB-IZC00036602,collections,1,dry,55,43.835,29.27,45,79.103,42.908,80,46.629,28.79,49
UCSB-IZC00037139,collections,1,humid,55,82.761,34.036,85,82.117,29.252,86,41.104,16.281,44
UCSB-IZC00038809,collections,1,humid,55,74.385,42.463,82,79.801,38.87,89,37.415,19.771,41
UCSB-IZC00041536,collections,1,humid,55,90.536,40.38,89,114.144,41.079,112,43.074,20.002,45
UCSB-IZC00041550,collections,1,humid,55,72.537,34.852,77,89.5,35.62,94,36.607,19.091,37
UCSB-IZC00042037,collections,1,dry,55,24.947,26.505,15,59.003,39.105,58,41.394,31.129,40
UCSB-IZC00042297,collections,1,dry,55,30.779,30.601,22,79.841,55.319,73,53.43,39.834,52
UCSB-IZC00043430,collections,1,dry,55,9.194,17.546,1,46.498,42.853,34,44.219,40.273,31
UCSB-IZC00047045,collections,1,humid,55,120.627,47.609,116,102.051,37.945,101,39.366,16.052,41
UCSB-IZC00030039,collections,2,humid,0,16.685,23.998,4,79.853,44.806,82,73.383,40.607,75
UCSB-IZC00030369,collections,2,humid,0,37.246,28.983,34,72.917,34.331,77,52.674,27.9,56
UCSB-IZC00036314,collections,2,dry,0,57.215,34.778,56,82.177,42.744,83,54.019,28.648,57
UCSB-IZC00036602,collections,2,humid,0,47.663,32.609,48,89.043,42.721,95,56.22,28.526,59
UCSB-IZC00037139,collections,2,dry,0,93.11,27.658,94,99.515,29.145,102,50.144,14.566,51
UCSB-IZC00038809,collections,2,dry,0,90.505,42.6,98,97.839,40.638,108,45.381,19.249,47
UCSB-IZC00041536,collections,2,dry,0,96.779,41.725,96,120.948,44.511,118,60.419,26.938,59
UCSB-IZC00041550,collections,2,dry,0,86.316,36.458,88,124.094,34.135,127,47.939,18.036,48
UCSB-IZC00042037,collections,2,humid,0,43.349,35.579,42,97.449,43.047,100,70.198,33.894,70
UCSB-IZC00042297,collections,2,humid,0,43.308,34.234,42,112.242,41.027,112,79.584,31.334,77
UCSB-IZC00043430,collections,2,humid,0,18.537,25.675,4,77.645,44.434,78,72.036,40.548,71
UCSB-IZC00047045,collections,2,dry,0,113.296,49.811,113,96.199,41.934,99,43.594,19.157,44
UCSB-IZC00030039,collections,2,humid,7,35.522,29.411,32,77.791,45,73,42.045,24.089,42
UCSB-IZC00030369,collections,2,humid,7,71.279,31.64,77,87.677,37.396,93,43.141,18.19,47
UCSB-IZC00036314,collections,2,dry,7,24.817,25.463,17,49.028,35.044,41,49.888,38.418,40
UCSB-IZC00036602,collections,2,humid,7,105.774,36.838,112,106.394,37.339,114,44.602,15.872,46
UCSB-IZC00037139,collections,2,dry,7,89.995,28.583,92,100.966,32.519,103,50.229,16.713,51
UCSB-IZC00038809,collections,2,dry,7,48.762,34.606,52,100.24,40.574,105,61.426,29.691,61
UCSB-IZC00041536,collections,2,dry,7,58.162,36.583,61,95.094,44.309,98,47.93,23.551,49
UCSB-IZC00041550,collections,2,dry,7,19.842,23.849,6,112.974,39.045,112,82.647,31.758,82
UCSB-IZC00042037,collections,2,humid,7,64.125,37.607,67,88.314,42.897,92,46.908,25.243,49
UCSB-IZC00042297,collections,2,humid,7,83.349,41.594,84,98.296,45.525,102,45.077,21.441,47
UCSB-IZC00043430,collections,2,humid,7,57.638,38.841,57,88.153,49.024,87,38.47,22.008,39
UCSB-IZC00047045,collections,2,dry,7,28.241,29.902,18,71.94,45.053,71,47.834,30.531,48
UCSB-IZC00030039,collections,2,humid,24,54.429,38.201,56,88.028,47.993,90,45.608,29.193,45
UCSB-IZC00030369,collections,2,humid,24,87.467,34.519,93,100.193,40.764,99,45.579,21.303,45
UCSB-IZC00036314,collections,2,dry,24,18.822,24.126,7,40.569,37.34,29,43.179,37.577,33
UCSB-IZC00036602,collections,2,humid,24,101.08,43.669,107,88.851,37.973,95,38.601,19.067,40
UCSB-IZC00037139,collections,2,dry,24,49.865,30.493,50,76.842,34.52,80,44.288,24.38,46
UCSB-IZC00038809,collections,2,dry,24,32.398,29.942,27,72.095,42.152,74,42.971,28.01,44
UCSB-IZC00041536,collections,2,dry,24,30.269,32.831,17,92.064,49.342,91,69.465,40.681,66
UCSB-IZC00041550,collections,2,dry,24,16.099,22.206,4,77.021,43.526,75,61.217,36.338,60
UCSB-IZC00042037,collections,2,humid,24,61.421,33.498,64,78.31,40.014,79,36.457,21.754,38
UCSB-IZC00042297,collections,2,humid,24,92.172,47.614,92,88.563,44.44,89,35.693,19.342,37
UCSB-IZC00043430,collections,2,humid,24,65.317,41.275,66,81.332,42.828,84,31.281,19.637,33
UCSB-IZC00047045,collections,2,dry,24,25.456,29.243,13,85.864,47.844,85,58.146,35.113,59
UCSB-IZC00030039,collections,2,humid,31,58.421,37.172,60,91.375,43.579,93,41.408,23.286,42
UCSB-IZC00030369,collections,2,humid,31,100.769,39.689,103,114.099,39.399,115,41.385,19.477,41
UCSB-IZC00036314,collections,2,dry,31,17.017,24.011,4,39.743,33.251,30,43.279,35.556,34
UCSB-IZC00036602,collections,2,humid,31,86.622,49.679,92,76.332,42.645,82,30.142,22.069,32
UCSB-IZC00037139,collections,2,dry,31,41.026,32.439,37,65.35,37.805,65,33.81,25.292,35
UCSB-IZC00038809,collections,2,dry,31,33.274,31.936,28,85.434,41.458,87,53.986,29.419,54
UCSB-IZC00041536,collections,2,dry,31,26.464,31.845,11,77.731,47.87,76,57.234,41.348,54
UCSB-IZC00041550,collections,2,dry,31,14.355,21.787,3,77.449,39.674,78,61.176,33.842,62
UCSB-IZC00042037,collections,2,humid,31,82.529,40.418,89,102.121,43.002,108,45.536,24.005,48
UCSB-IZC00042297,collections,2,humid,31,88.618,49.559,88,85.211,46.018,87,30.823,21.451,32
UCSB-IZC00043430,collections,2,humid,31,87.071,43.635,92,104.84,45.44,110,37.02,22.927,36
UCSB-IZC00047045,collections,2,dry,31,17.695,25.332,4,75.617,41.924,78,49.642,30.17,52
UCSB-IZC00030039,collections,2,humid,48,55.415,38.008,57,90.185,47.706,92,45.998,29.734,46
UCSB-IZC00030369,collections,2,humid,48,87.201,34.942,93,99.786,41.227,98,44.131,22.17,44
UCSB-IZC00036314,collections,2,dry,48,19.298,24.729,7,40.168,37.274,29,42.022,37.135,33
UCSB-IZC00036602,collections,2,humid,48,100.089,43.399,106,88.092,37.43,95,37.641,20.165,39
UCSB-IZC00037139,collections,2,dry,48,49.632,30.66,50,76.964,34.501,80,43.772,24.94,46
UCSB-IZC00038809,collections,2,dry,48,31.492,30.031,25,70.247,42.261,72,41.613,28.808,43
UCSB-IZC00041536,collections,2,dry,48,30.788,33.204,17,92.996,49.097,92,70.094,40.969,67
UCSB-IZC00041550,collections,2,dry,48,15.274,21.963,4,76.651,43.897,74,61.096,36.975,60
UCSB-IZC00042037,collections,2,humid,48,59.363,34.072,62,78.362,40.593,79,34.501,21.86,36
UCSB-IZC00042297,collections,2,humid,48,92.21,47.32,91,89.117,44.085,90,34.188,19.823,36
UCSB-IZC00043430,collections,2,humid,48,64.707,41.658,66,80.611,42.923,83,29.941,20.343,31
UCSB-IZC00047045,collections,2,dry,48,24.583,28.852,12,85.479,48.043,85,57.638,35.517,58
UCSB-IZC00030039,collections,2,humid,55,66.285,35.293,67,100.316,41.331,102,50.424,22.011,49
UCSB-IZC00030369,collections,2,humid,55,104.758,38.725,105,117.936,38.795,117,46.827,19.132,46
UCSB-IZC00036314,collections,2,dry,55,24.434,24.545,15,47.927,32.442,41,51.491,34.922,45
UCSB-IZC00036602,collections,2,humid,55,96.943,46.769,103,86.833,41.089,94,38.94,20.748,41
UCSB-IZC00037139,collections,2,dry,55,51.303,31.116,50,74.256,36.679,75,43.567,23.028,46
UCSB-IZC00038809,collections,2,dry,55,41.091,32.255,40,93.367,40.227,95,62.238,28.231,61
UCSB-IZC00041536,collections,2,dry,55,34.678,33.829,27,88.423,44.983,87,67.668,39.445,64
UCSB-IZC00041550,collections,2,dry,55,19.752,24.521,8,85.758,38.436,86,69.502,32.304,71
UCSB-IZC00042037,collections,2,humid,55,84.595,40.373,89,105.317,42.339,111,50.776,23.858,52
UCSB-IZC00042297,collections,2,humid,55,93.785,48.239,90,91.165,44.156,91,37.14,19.2,39
UCSB-IZC00043430,collections,2,humid,55,92.276,42,95,110.383,43.691,115,43.75,22.255,43
UCSB-IZC00047045,collections,2,dry,55,24.492,27.961,13,83.954,42.061,87,58.974,29.723,62
UCSB-IZC00045248,freezer,1,humid,0,56.085,43.763,51,86.014,47.446,81,37.816,25.342,36
UCSB-IZC00045541,freezer,1,humid,0,42.703,44.38,35,103.001,52.63,103,58.538,36.36,55
UCSB-IZC00062771,freezer,1,humid,0,68.513,45.947,72,98.857,51.266,109,46.686,27.405,47
UCSB-IZC00062795,freezer,1,dry,0,54.551,28.387,57,101.41,38.389,107,49.252,20.972,51
UCSB-IZC00062797,freezer,1,dry,0,67.013,35.205,68,90.771,40.343,95,41.24,22.699,41
UCSB-IZC00062804,freezer,1,dry,0,56.755,43.813,57,90.731,47.66,96,45.458,32.564,43
UCSB-IZC00062816,freezer,1,dry,0,63.255,32.117,66,85.705,38.624,89,43.266,20.036,46
UCSB-IZC00063968,freezer,1,humid,0,59.335,47.255,61,103.999,52.27,107,56.888,36.319,53
UCSB-IZC00063974,freezer,1,humid,0,74.448,45.391,76,111.994,50.077,116,49.196,33.61,45
UCSB-IZC00063995,freezer,1,dry,0,45.388,35.026,46,89.2,43.526,95,51.604,30.43,52
UCSB-IZC00064001,freezer,1,dry,0,44.626,33.13,43,99.748,47.371,102,54.588,32.168,52
UCSB-IZC00064320,freezer,1,humid,0,76.124,40.47,78,108.869,49.625,115,47.361,26.874,47
UCSB-IZC00045248,freezer,1,humid,7,76.272,32.202,73,100.413,35.923,100,44.694,18.983,44
UCSB-IZC00045541,freezer,1,humid,7,57.496,37.701,57,120.681,45.677,125,61.734,28.055,59
UCSB-IZC00062771,freezer,1,humid,7,96.517,57.668,90,127.853,59.343,127,65.472,43.406,58
UCSB-IZC00062795,freezer,1,dry,7,57.592,29.603,59,106.351,41.065,110,65.976,27.628,68
UCSB-IZC00062797,freezer,1,dry,7,79.17,23.475,80,117.177,29.391,120,60.479,17.931,59
UCSB-IZC00062804,freezer,1,dry,7,54.169,46.391,52,121.479,51.373,121,89.83,45.991,87
UCSB-IZC00062816,freezer,1,dry,7,76.99,34.223,79,105.658,40.636,109,59.112,25.364,60
UCSB-IZC00063968,freezer,1,humid,7,75.038,42.93,75,124.802,43.48,121,66.615,34.28,61
UCSB-IZC00063974,freezer,1,humid,7,86.429,49.344,82,117.849,49.658,118,57.55,41.43,50
UCSB-IZC00063995,freezer,1,dry,7,39.642,31.836,39,99.915,45.979,103,79.882,39.071,79
UCSB-IZC00064001,freezer,1,dry,7,53.913,36.853,54,127.915,47.198,126,82.406,36.378,77
UCSB-IZC00064320,freezer,1,humid,7,89.903,41.79,91,111.002,47.662,115,48.798,25.953,48
UCSB-IZC00045248,freezer,1,humid,24,82.118,39.228,85,102.798,42.422,108,33.92,21.111,33
UCSB-IZC00045541,freezer,1,humid,24,61.344,43.902,62,97.05,48.547,95,36.744,29.83,33
UCSB-IZC00062771,freezer,1,humid,24,81.712,43.103,83,112.189,46.611,114,44.677,33.441,40
UCSB-IZC00062795,freezer,1,dry,24,17.269,22.296,6,95.67,41.909,101,75.586,38.192,76
UCSB-IZC00062797,freezer,1,dry,24,36.859,27.954,37,95.086,40.262,97,65.449,34.082,65
UCSB-IZC00062804,freezer,1,dry,24,27.233,32.124,15,105.512,46.744,108,81.797,39.649,83
UCSB-IZC00062816,freezer,1,dry,24,56.35,27.951,58,104.986,36.745,103,68.306,26.857,65
UCSB-IZC00063968,freezer,1,humid,24,64.422,49.079,63,103.269,45.519,106,44.464,33.348,42
UCSB-IZC00063974,freezer,1,humid,24,60.831,37.246,65,95.081,41.046,97,36.696,25.957,34
UCSB-IZC00063995,freezer,1,dry,24,30.307,30.389,22,103.049,45.235,104,87.748,42.204,84
UCSB-IZC00064001,freezer,1,dry,24,17.392,22.762,7,95.92,42.624,98,83.328,40.432,83
UCSB-IZC00064320,freezer,1,humid,24,84.201,39.813,89,102.651,42.66,109,36.403,21.228,37
UCSB-IZC00045248,freezer,1,humid,31,101.627,50.077,101,118.176,51.23,124,48.288,35.04,43
UCSB-IZC00045541,freezer,1,humid,31,91.479,52.708,88,121.42,50.016,118,59.978,42.25,52
UCSB-IZC00062771,freezer,1,humid,31,89.382,44.94,89,116.972,48.228,119,53.401,28.317,52
UCSB-IZC00062795,freezer,1,dry,31,31.668,34.673,23,118.033,42.886,117,102.603,38.617,100
UCSB-IZC00062797,freezer,1,dry,31,53.021,32.008,53,97.585,40.449,94,72.012,32.897,69
UCSB-IZC00062804,freezer,1,dry,31,29.748,32.236,23,106.079,45.202,105,85.58,39.018,84
UCSB-IZC00062816,freezer,1,dry,31,68.77,39.151,67,115.105,43.765,111,85.657,37.569,78
UCSB-IZC00063968,freezer,1,humid,31,84.623,43.163,83,122.979,35.781,122,54.185,24.154,52
UCSB-IZC00063974,freezer,1,humid,31,85.289,50.623,83,115.994,50.23,116,58.123,42.4,52
UCSB-IZC00063995,freezer,1,dry,31,38.934,34.275,35,100.499,52.308,96,85.522,48.099,77
UCSB-IZC00064001,freezer,1,dry,31,23.597,29.217,12,86.977,49.062,88,78.376,45.252,79
UCSB-IZC00064320,freezer,1,humid,31,107.652,47.851,105,126.097,52.5,129,45.508,25.751,45
UCSB-IZC00045248,freezer,1,humid,48,114.758,44.842,105,129.479,43.343,119,68.407,35.308,58
UCSB-IZC00045541,freezer,1,humid,48,77.827,46.733,76,131.099,43.855,128,65.636,34.427,60
UCSB-IZC00062771,freezer,1,humid,48,103.441,54.635,101,120.194,55.174,127,59.758,37.022,55
UCSB-IZC00062795,freezer,1,dry,48,25.785,27.609,17,106.414,44.827,108,90.217,41.491,89
UCSB-IZC00062797,freezer,1,dry,48,37.782,24.175,40,100.194,28.188,102,81.121,26.031,79
UCSB-IZC00062804,freezer,1,dry,48,40.898,45.623,33,112.151,47.913,112,90.327,44.466,90
UCSB-IZC00062816,freezer,1,dry,48,49.856,33.584,49,108.163,40.061,107,82.064,34.726,78
UCSB-IZC00063968,freezer,1,humid,48,79.076,45.29,76,117.368,40.561,119,56.209,22.096,54
UCSB-IZC00063974,freezer,1,humid,48,84.504,42.402,85,131.721,38.529,130,68.129,35.686,62
UCSB-IZC00063995,freezer,1,dry,48,28.284,28.588,22,92.201,40.376,97,78.438,36.689,79
UCSB-IZC00064001,freezer,1,dry,48,20.976,25.606,9,105.768,44.134,106,100.735,42.578,101
UCSB-IZC00064320,freezer,1,humid,48,99.847,42.045,100,117.601,43.191,123,50.79,24.223,50
UCSB-IZC00045248,freezer,1,humid,55,88.665,45.968,90,97.881,46.694,101,42.74,23.264,42
UCSB-IZC00045541,freezer,1,humid,55,59.925,35.756,60,107.175,46.85,111,48.966,24.355,48
UCSB-IZC00062771,freezer,1,humid,55,101.191,52.622,95,124.172,55.896,123,56.232,36.357,53
UCSB-IZC00062795,freezer,1,dry,55,26.48,26.326,22,100.034,46.281,101,86.91,44.143,84
UCSB-IZC00062797,freezer,1,dry,55,44.431,25.731,44,102.672,35.632,103,82.064,31.392,81
UCSB-IZC00062804,freezer,1,dry,55,32.033,32.11,30,112.116,45.915,108,91.213,42.334,88
UCSB-IZC00062816,freezer,1,dry,55,56.706,38.303,55,103.995,44.507,104,78.835,37.748,77
UCSB-IZC00063968,freezer,1,humid,55,77.932,44.545,76,106.847,45.299,106,51.422,29.076,49
UCSB-IZC00063974,freezer,1,humid,55,74.196,42.618,77,112.967,42.757,116,55.548,31.084,52
UCSB-IZC00063995,freezer,1,dry,55,36.168,31.572,33,104.368,45.918,105,90.085,42.29,87
UCSB-IZC00064001,freezer,1,dry,55,26.475,26.176,21,104.172,46.512,103,98.12,47.362,95
UCSB-IZC00064320,freezer,1,humid,55,107.331,50.598,104,123.585,56.358,127,45.486,26.68,43
UCSB-IZC00045248,freezer,2,dry,0,90.743,43.1,88,112.227,42.276,113,53.33,28.878,52
UCSB-IZC00045541,freezer,2,dry,0,69.183,44.49,67,113.381,47.175,114,49.032,30.372,47
UCSB-IZC00062771,freezer,2,dry,0,82.343,41.462,88,117.954,48.836,121,58.059,32.346,55
UCSB-IZC00062795,freezer,2,humid,0,41.672,38.184,36,124.745,49.451,116,101.344,44.797,91
UCSB-IZC00062797,freezer,2,humid,0,73.535,35.378,70,116.919,40.418,111,74.452,34.443,68
UCSB-IZC00062804,freezer,2,humid,0,38.924,33.371,37,100.35,46.529,106,62.406,35.097,66
UCSB-IZC00062816,freezer,2,humid,0,77.697,39.578,77,121.994,48.316,113,88.068,43.035,77
UCSB-IZC00063968,freezer,2,dry,0,68.505,43.358,70,111.072,31.861,116,48.007,21.291,47
UCSB-IZC00063974,freezer,2,dry,0,77.932,36.017,83,116.502,35.386,119,51.39,24.208,49
UCSB-IZC00063995,freezer,2,humid,0,38.461,30.869,39,93.291,48.412,96,63.762,39.733,63
UCSB-IZC00064001,freezer,2,humid,0,19.913,26.045,6,88.116,42.745,94,71.928,40.833,75
UCSB-IZC00064320,freezer,2,dry,0,102.284,44.602,98,124.264,48.798,120,51.665,28.609,50
UCSB-IZC00045248,freezer,2,dry,7,77.661,37.685,78,108.397,41.11,109,45.844,23.908,45
UCSB-IZC00045541,freezer,2,dry,7,51.796,47.264,44,107.775,52.854,105,55.111,37.774,49
UCSB-IZC00062771,freezer,2,dry,7,72.603,43.493,77,114.412,49.86,120,54.664,30.266,52
UCSB-IZC00062795,freezer,2,humid,7,34.373,34.488,26,108.762,48.127,113,74.395,36.793,74
UCSB-IZC00062797,freezer,2,humid,7,88.148,41.436,83,122.65,43.628,118,63.805,36.991,58
UCSB-IZC00062804,freezer,2,humid,7,62.361,41.54,66,139.881,44.133,139,75.757,37.764,71
UCSB-IZC00062816,freezer,2,humid,7,74.849,36.719,76,111.15,41.799,111,63.45,29.006,62
UCSB-IZC00063968,freezer,2,dry,7,59.298,55.395,52,112.611,51.832,114,62.448,40.463,55
UCSB-IZC00063974,freezer,2,dry,7,70.756,40.836,74,110.069,42.094,115,48.038,26.955,46
UCSB-IZC00063995,freezer,2,humid,7,61.77,40.56,66,116.223,47.752,120,70.66,35.922,68
UCSB-IZC00064001,freezer,2,humid,7,24.798,27.128,16,111.438,39.549,111,78.522,32.343,73
UCSB-IZC00064320,freezer,2,dry,7,92.431,40.106,94,121.133,47.59,124,42.442,23.322,42
UCSB-IZC00045248,freezer,2,dry,24,30.098,35.445,15,77.891,40.68,73,43.009,34.783,40
UCSB-IZC00045541,freezer,2,dry,24,11.954,22.184,1,84.78,46.73,82,55.681,39.037,53
UCSB-IZC00062771,freezer,2,dry,24,31.129,35.236,13,100.239,45.282,104,69.535,37.814,70
UCSB-IZC00062795,freezer,2,humid,24,35.25,34.168,29,102.187,44.99,105,61.448,36.702,64
UCSB-IZC00062797,freezer,2,humid,24,79.224,30.791,83,108.636,35.415,112,38.341,23.716,41
UCSB-IZC00062804,freezer,2,humid,24,67.499,42.496,71,127.778,36.141,129,50.96,35.812,47
UCSB-IZC00062816,freezer,2,humid,24,68.881,29.533,76,104.701,36.167,109,49.317,22.584,51
UCSB-IZC00063968,freezer,2,dry,24,6.196,13.763,1,75.231,37.47,73,57.254,30.202,57
UCSB-IZC00063974,freezer,2,dry,24,33.118,31.455,28,93.501,35.825,94,53.086,27.653,54
UCSB-IZC00063995,freezer,2,humid,24,56.328,37.059,62,108.851,42.86,113,59.693,33.681,59
UCSB-IZC00064001,freezer,2,humid,24,24.745,34.03,6,111.013,44.781,110,79.011,43.324,77
UCSB-IZC00064320,freezer,2,dry,24,33.441,37.428,21,110.447,41.473,114,66.245,33.174,66
UCSB-IZC00045248,freezer,2,dry,31,26,33.353,10,77.943,41.677,73,45.183,33.98,42
UCSB-IZC00045541,freezer,2,dry,31,8.586,22.027,1,72.735,43.544,68,49.199,38.745,44
UCSB-IZC00062771,freezer,2,dry,31,17.314,27.022,3,74.725,48.895,73,54.334,39.509,54
UCSB-IZC00062795,freezer,2,humid,31,26.192,31.317,9,91.067,45.501,97,54.065,35.133,57
UCSB-IZC00062797,freezer,2,humid,31,70.502,32.654,75,104.421,35.54,109,38.685,24.539,41
UCSB-IZC00062804,freezer,2,humid,31,65.159,41.677,68,121.354,36.076,120,46.313,33.199,43
UCSB-IZC00062816,freezer,2,humid,31,69.198,38.231,73,101.585,41.045,103,46.888,28.072,48
UCSB-IZC00063968,freezer,2,dry,31,11.425,33.232,1,70.201,53.077,62,55.753,44.115,46
UCSB-IZC00063974,freezer,2,dry,31,20.183,26.714,5,88.257,34.686,93,58.124,29.26,59
UCSB-IZC00063995,freezer,2,humid,31,43.407,38.572,44,95.23,44.718,102,47.073,31.729,50
UCSB-IZC00064001,freezer,2,humid,31,32.618,37.468,17,101.532,41.863,102,60.143,35.597,61
UCSB-IZC00064320,freezer,2,dry,31,107.644,47.298,105,126.101,52.484,129,45.726,26.41,46
UCSB-IZC00045248,freezer,2,dry,48,35.364,29.026,33,101.095,41.775,101,65.692,29.143,65
UCSB-IZC00045541,freezer,2,dry,48,13.019,19.676,3,93.048,44.895,96,66.732,33.385,68
UCSB-IZC00062771,freezer,2,dry,48,30.734,31.976,19,113.508,47.02,118,80.119,34.9,81
UCSB-IZC00062795,freezer,2,humid,48,47.64,34.876,50,105.67,50.331,111,62.629,33.043,63
UCSB-IZC00062797,freezer,2,humid,48,93.454,32.322,94,120.969,38.805,120,48.318,19.915,48
UCSB-IZC00062804,freezer,2,humid,48,75.299,42.148,78,115.504,47.106,119,46.84,29.347,47
UCSB-IZC00062816,freezer,2,humid,48,84.595,37.199,85,114.239,44.027,114,60.115,27.546,58
UCSB-IZC00063968,freezer,2,dry,48,12.548,21.387,2,92.838,44.427,93,77.1,35.222,77
UCSB-IZC00063974,freezer,2,dry,48,39.993,35.274,38,106.566,40.661,107,71.966,32.241,70
UCSB-IZC00063995,freezer,2,humid,48,71.622,40.509,75,119.82,48.954,122,65.984,33.094,63
UCSB-IZC00064001,freezer,2,humid,48,38.399,34.388,37,129.269,46.289,129,81.111,33.579,81
UCSB-IZC00064320,freezer,2,dry,48,35.198,28.088,35,107.716,44.628,108,65.868,28.213,65
UCSB-IZC00045248,freezer,2,dry,55,30.185,24.834,27,75.373,34.459,72,51.402,23.776,48
UCSB-IZC00045541,freezer,2,dry,55,14.801,20.844,5,84.528,43.345,78,63.852,32.922,58
UCSB-IZC00062771,freezer,2,dry,55,26.277,28.258,17,91.993,42.609,92,68.927,32.591,67
UCSB-IZC00062795,freezer,2,humid,55,45.976,30.963,48,106.229,41.234,108,64.03,28.065,61
UCSB-IZC00062797,freezer,2,humid,55,77.713,25.51,77,102.828,31.928,101,43.913,12.95,43
UCSB-IZC00062804,freezer,2,humid,55,78.643,38.914,79,136.521,34.902,133,52.613,29.07,49
UCSB-IZC00062816,freezer,2,humid,55,75.314,30.279,76,102.279,36.5,102,54.786,21.115,53
UCSB-IZC00063968,freezer,2,dry,55,10.131,18.172,1,95.566,33.623,93,79.663,29.695,76
UCSB-IZC00063974,freezer,2,dry,55,32.339,26.352,32,92.362,31.487,92,65.445,25.105,63
UCSB-IZC00063995,freezer,2,humid,55,60.952,31.705,60,102.331,39.239,104,55.697,22.65,53
UCSB-IZC00064001,freezer,2,humid,55,41.76,31.329,41,117.127,35.241,118,66.989,24.015,62
UCSB-IZC00064320,freezer,2,dry,55,31.988,28.152,28,94.634,41.238,91,63.979,28.993,59